사고번호,사고일시,요일,시군구,사고내용,사망자수,중상자수,경상자수,부상신고자수,사고유형,법규위반,노면상태,기상상태,도로형태,가해운전자 차종,가해운전자 성별,가해운전자 연령,가해운전자 상해정도,피해운전자 차종,피해운전자 성별,피해운전자 연령,피해운전자 상해정도
2017071700100234,2017년 7월 17일 11시,월요일,세종특별자치시 세종특별자치시 조치원읍,부상신고사고,0,0,0,1,차대차 - 기타,안전운전불이행,건조,맑음,교차로 - 교차로안,자전거,남,69세,부상신고,화물,남,57세,상해없음
2017071700100391,2017년 7월 17일 16시,월요일,세종특별자치시 세종특별자치시 전동면,중상사고,0,1,0,0,차대사람 - 기타,안전운전불이행,건조,맑음,기타 - 기타,화물,남,54세,상해없음,보행자,남,19세,중상
2017071800100225,2017년 7월 18일 12시,화요일,세종특별자치시 세종특별자치시 연서면,경상사고,0,0,2,0,차대차 - 측면충돌,안전운전불이행,건조,맑음,교차로 - 교차로안,승용,여,52세,상해없음,승용,남,59세,경상
2017071900100379,2017년 7월 19일 16시,수요일,세종특별자치시 세종특별자치시 연동면,중상사고,0,1,0,0,차대차 - 추돌,안전운전불이행,건조,맑음,기타 - 기타,이륜,남,60세,상해없음,이륜,남,70세,중상
2017071900100468,2017년 7월 19일 18시,수요일,세종특별자치시 세종특별자치시 조치원읍,경상사고,0,0,1,0,차대사람 - 횡단중,안전운전불이행,건조,맑음,단일로 - 기타,승용,남,27세,상해없음,보행자,남,53세,경상
2017072000100142,2017년 7월 20일 08시,목요일,세종특별자치시 세종특별자치시 연동면,경상사고,0,0,1,0,차대차 - 측면충돌,안전운전불이행,건조,맑음,교차로 - 교차로횡단보도내,승용,여,27세,상해없음,자전거,남,78세,경상
2017072000100233,2017년 7월 20일 11시,목요일,세종특별자치시 세종특별자치시 고운동,경상사고,0,0,1,0,차대차 - 측면충돌,신호위반,건조,맑음,교차로 - 교차로안,승용,여,26세,상해없음,승용,여,40세,경상
2017072000100301,2017년 7월 20일 13시,목요일,세종특별자치시 세종특별자치시 어진동,경상사고,0,0,1,0,차대차 - 기타,안전운전불이행,건조,맑음,단일로 - 기타,승용,남,48세,상해없음,원동기,남,56세,경상
2017072000100346,2017년 7월 20일 15시,목요일,세종특별자치시 세종특별자치시 나성동,중상사고,0,1,0,0,차대사람 - 횡단중,안전운전불이행,건조,맑음,단일로 - 기타,승용,여,61세,상해없음,보행자,여,56세,중상
2017072000100372,2017년 7월 20일 16시,목요일,세종특별자치시 세종특별자치시 부강면,부상신고사고,0,0,0,1,차대사람 - 횡단중,보행자보호의무위반,건조,맑음,교차로 - 교차로안,승용,남,29세,상해없음,보행자,여,10세,부상신고
2017072100100250,2017년 7월 21일 12시,금요일,세종특별자치시 세종특별자치시 장군면,경상사고,0,0,1,0,차대차 - 측면충돌,중앙선침범,건조,맑음,단일로 - 기타,승용,남,31세,상해없음,이륜,남,29세,경상
2017072100100287,2017년 7월 21일 13시,금요일,세종특별자치시 세종특별자치시 조치원읍,경상사고,0,0,1,0,차대차 - 측면충돌,직진우회전진행방해,젖음/습기,흐림,교차로 - 교차로안,승합,남,36세,상해없음,화물,남,62세,상해없음
2017072100100619,2017년 7월 21일 22시,금요일,세종특별자치시 세종특별자치시 어진동,경상사고,0,0,1,0,차대차 - 측면충돌,교차로운행방법위반,젖음/습기,맑음,교차로 - 교차로횡단보도내,승용,여,53세,상해없음,자전거,남,13세,경상
2017072100100654,2017년 7월 21일 23시,금요일,세종특별자치시 세종특별자치시 어진동,중상사고,0,1,0,0,차대차 - 측면충돌,신호위반,건조,흐림,교차로 - 교차로안,승용,남,32세,기타불명,승용,여,53세,중상
2017072200100031,2017년 7월 22일 00시,토요일,세종특별자치시 세종특별자치시 전의면,경상사고,0,0,1,0,차량단독 - 전도전복,안전운전불이행,젖음/습기,비,단일로 - 기타,원동기,남,42세,경상,미분류,미분류,미분류,미분류
2017072200100032,2017년 7월 22일 00시,토요일,세종특별자치시 세종특별자치시 어진동,중상사고,0,1,1,0,차대차 - 측면충돌,신호위반,젖음/습기,흐림,교차로 - 교차로안,승용,여,57세,상해없음,승용,남,46세,중상
2017072200100139,2017년 7월 22일 07시,토요일,세종특별자치시 세종특별자치시 조치원읍,경상사고,0,0,1,0,차대차 - 측면충돌,불법유턴,건조,맑음,교차로 - 교차로횡단보도내,이륜,남,84세,경상,승용,남,48세,상해없음
2017072200100400,2017년 7월 22일 15시,토요일,세종특별자치시 세종특별자치시 고운동,중상사고,0,1,0,0,차대차 - 정면충돌,안전운전불이행,건조,맑음,기타 - 기타,자전거,남,11세,중상,자전거,남,61세,상해없음
2017072200100554,2017년 7월 22일 19시,토요일,세종특별자치시 세종특별자치시 새롬동,경상사고,0,0,1,0,차대차 - 측면충돌,안전운전불이행,건조,맑음,단일로 - 기타,승용,남,25세,상해없음,이륜,남,26세,경상
2017072300100247,2017년 7월 23일 14시,일요일,세종특별자치시 세종특별자치시 장군면,중상사고,0,1,0,0,차대차 - 정면충돌,안전운전불이행,건조,맑음,단일로 - 기타,승용,여,34세,상해없음,자전거,남,15세,중상
2017072400100165,2017년 7월 24일 09시,월요일,세종특별자치시 세종특별자치시 장군면,경상사고,0,0,1,0,차대차 - 정면충돌,중앙선침범,건조,흐림,교차로 - 교차로부근,건설기계,남,50세,상해없음,건설기계,남,43세,경상
2017072400100166,2017년 7월 24일 09시,월요일,세종특별자치시 세종특별자치시 어진동,경상사고,0,0,1,0,차대차 - 측면충돌,중앙선침범,건조,맑음,교차로 - 교차로부근,승용,남,68세,상해없음,승용,남,59세,경상
2017072500100202,2017년 7월 25일 10시,화요일,세종특별자치시 세종특별자치시 연동면,중상사고,0,1,0,0,차대차 - 측면충돌,안전운전불이행,건조,맑음,교차로 - 교차로안,승용,남,58세,상해없음,이륜,남,80세,중상
2017072600100136,2017년 7월 26일 08시,수요일,세종특별자치시 세종특별자치시 새롬동,중상사고,0,1,0,0,차대사람 - 횡단중,안전운전불이행,건조,맑음,교차로 - 교차로부근,승용,남,36세,상해없음,보행자,남,52세,중상
2017072600100307,2017년 7월 26일 13시,수요일,세종특별자치시 세종특별자치시 대평동,경상사고,0,0,1,0,차대차 - 기타,안전운전불이행,건조,맑음,단일로 - 기타,화물,남,51세,상해없음,승용,여,53세,경상
2017072600100573,2017년 7월 26일 20시,수요일,세종특별자치시 세종특별자치시 종촌동,경상사고,0,0,1,0,차대차 - 정면충돌,신호위반,건조,맑음,교차로 - 교차로안,승용,여,27세,상해없음,승용,여,41세,경상
2017072700100187,2017년 7월 27일 09시,목요일,세종특별자치시 세종특별자치시 반곡동,경상사고,0,0,1,0,차대차 - 측면충돌,신호위반,건조,맑음,교차로 - 교차로안,화물,남,46세,상해없음,승용,남,66세,경상
2017072800100374,2017년 7월 28일 15시,금요일,세종특별자치시 세종특별자치시 전동면,경상사고,0,0,1,0,차대차 - 정면충돌,중앙선침범,젖음/습기,흐림,단일로 - 기타,승용,여,69세,상해없음,화물,남,49세,경상
2017072800100404,2017년 7월 28일 16시,금요일,세종특별자치시 세종특별자치시 어진동,경상사고,0,0,1,0,차대차 - 측면충돌,안전운전불이행,건조,맑음,단일로 - 기타,승용,여,38세,상해없음,승용,여,47세,경상
2017072800100485,2017년 7월 28일 18시,금요일,세종특별자치시 세종특별자치시 새롬동,경상사고,0,0,1,0,차대사람 - 횡단중,안전운전불이행,건조,맑음,기타 - 기타,승용,여,29세,상해없음,보행자,여,17세,경상
2017072900100240,2017년 7월 29일 11시,토요일,세종특별자치시 세종특별자치시 전의면,경상사고,0,0,1,0,차대차 - 추돌,안전운전불이행,건조,맑음,단일로 - 기타,승용,여,31세,상해없음,화물,남,37세,경상
2017072900100276,2017년 7월 29일 12시,토요일,세종특별자치시 세종특별자치시 종촌동,중상사고,0,1,1,0,차대사람 - 기타,안전운전불이행,건조,맑음,교차로 - 교차로부근,승합,남,57세,상해없음,보행자,여,49세,상해없음
2017073000100104,2017년 7월 30일 07시,일요일,세종특별자치시 세종특별자치시 금남면,경상사고,0,0,2,0,차대차 - 추돌,안전운전불이행,건조,맑음,단일로 - 기타,승용,남,23세,상해없음,화물,남,47세,경상
2017073000100119,2017년 7월 30일 08시,일요일,세종특별자치시 세종특별자치시 조치원읍,경상사고,0,0,1,0,차대차 - 측면충돌,안전운전불이행,건조,맑음,교차로 - 교차로안,승용,남,57세,상해없음,승용,남,28세,경상
2017073000100334,2017년 7월 30일 18시,일요일,세종특별자치시 세종특별자치시 조치원읍,경상사고,0,0,1,0,차대차 - 추돌,안전운전불이행,젖음/습기,맑음,단일로 - 기타,승용,남,58세,상해없음,승용,남,69세,경상
2017073100100400,2017년 7월 31일 17시,월요일,세종특별자치시 세종특별자치시 아름동,경상사고,0,0,1,0,차대사람 - 횡단중,보행자보호의무위반,젖음/습기,비,교차로 - 교차로부근,승용,남,41세,상해없음,보행자,여,8세,경상
2017073100100401,2017년 7월 31일 17시,월요일,세종특별자치시 세종특별자치시 연동면,중상사고,0,1,1,0,차대차 - 측면충돌,기타,건조,맑음,교차로 - 교차로안,승용,남,55세,상해없음,승용,여,52세,경상
2017080100100086,2017년 8월 1일 05시,화요일,세종특별자치시 세종특별자치시 나성동,중상사고,0,1,0,0,차대차 - 추돌,안전운전불이행,건조,맑음,단일로 - 기타,승용,남,18세,상해없음,승용,여,39세,중상
2017080100100485,2017년 8월 1일 19시,화요일,세종특별자치시 세종특별자치시 조치원읍,중상사고,0,1,0,0,차대사람 - 횡단중,안전운전불이행,건조,맑음,교차로 - 교차로안,승용,여,45세,상해없음,보행자,여,63세,중상
2017080200100030,2017년 8월 2일 00시,수요일,세종특별자치시 세종특별자치시 연기면,경상사고,0,0,1,0,차대차 - 추돌,안전운전불이행,젖음/습기,비,교차로 - 교차로부근,승용,남,36세,상해없음,승용,여,56세,경상
2017080200100282,2017년 8월 2일 14시,수요일,세종특별자치시 세종특별자치시 소담동,중상사고,0,1,0,0,차량단독 - 전도전복,안전운전불이행,건조,맑음,단일로 - 기타,이륜,남,28세,중상,미분류,미분류,미분류,미분류
2017080200100283,2017년 8월 2일 14시,수요일,세종특별자치시 세종특별자치시 장군면,부상신고사고,0,0,0,2,차대차 - 측면충돌,안전운전불이행,건조,맑음,교차로 - 교차로부근,승용,여,21세,부상신고,화물,남,31세,상해없음
2017080300100613,2017년 8월 3일 22시,목요일,세종특별자치시 세종특별자치시 조치원읍,경상사고,0,0,1,0,차대차 - 측면충돌,직진우회전진행방해,젖음/습기,흐림,교차로 - 교차로안,승합,남,61세,상해없음,이륜,여,34세,경상
2017080400100108,2017년 8월 4일 07시,금요일,세종특별자치시 세종특별자치시 소담동,경상사고,0,0,1,0,차대차 - 측면충돌,직진우회전진행방해,건조,맑음,교차로 - 교차로안,승용,남,48세,상해없음,이륜,여,30세,경상
2017080400100167,2017년 8월 4일 09시,금요일,세종특별자치시 세종특별자치시 도담동,중상사고,0,1,0,0,차대차 - 기타,안전운전불이행,건조,맑음,교차로 - 교차로부근,승용,여,52세,상해없음,승용,남,24세,중상
2017080600100192,2017년 8월 6일 12시,일요일,세종특별자치시 세종특별자치시 조치원읍,부상신고사고,0,0,0,3,차대차 - 측면충돌,안전운전불이행,건조,맑음,교차로 - 교차로횡단보도내,원동기,남,36세,상해없음,승용,남,37세,부상신고
2017080700100285,2017년 8월 7일 13시,월요일,세종특별자치시 세종특별자치시 금남면,경상사고,0,0,1,0,차대차 - 정면충돌,신호위반,건조,맑음,교차로 - 교차로안,화물,남,60세,상해없음,승용,남,44세,경상
2017080700100473,2017년 8월 7일 18시,월요일,세종특별자치시 세종특별자치시 조치원읍,경상사고,0,0,1,0,차대차 - 기타,안전운전불이행,건조,맑음,단일로 - 기타,승용,남,46세,상해없음,자전거,여,63세,경상
2017080800100215,2017년 8월 8일 11시,화요일,세종특별자치시 세종특별자치시 다정동,경상사고,0,0,1,0,차대차 - 기타,신호위반,건조,맑음,교차로 - 교차로안,화물,남,58세,상해없음,이륜,남,33세,경상
2017080800100377,2017년 8월 8일 16시,화요일,세종특별자치시 세종특별자치시 부강면,경상사고,0,0,1,0,차대차 - 측면충돌,직진우회전진행방해,건조,맑음,교차로 - 교차로안,원동기,여,68세,경상,화물,남,40세,상해없음
2017080900100436,2017년 8월 9일 17시,수요일,세종특별자치시 세종특별자치시 아름동,경상사고,0,0,4,0,차대차 - 측면충돌,안전운전불이행,건조,맑음,교차로 - 교차로부근,승용,여,56세,기타불명,승용,여,38세,경상
2017080900100437,2017년 8월 9일 17시,수요일,세종특별자치시 세종특별자치시 나성동,경상사고,0,0,1,0,차대차 - 측면충돌,안전운전불이행,건조,맑음,기타 - 기타,승용,남,60세,상해없음,승용,남,38세,경상
2017080900100507,2017년 8월 9일 19시,수요일,세종특별자치시 세종특별자치시 한솔동,중상사고,0,2,0,0,차대차 - 측면충돌,안전운전불이행,젖음/습기,비,단일로 - 기타,승용,남,60세,상해없음,승용,남,33세,중상
2017081000100093,2017년 8월 10일 05시,목요일,세종특별자치시 세종특별자치시 전의면,중상사고,0,1,0,0,차대사람 - 횡단중,보행자보호의무위반,젖음/습기,비,기타 - 기타,화물,남,47세,상해없음,보행자,남,54세,중상
2017081000100598,2017년 8월 10일 21시,목요일,세종특별자치시 세종특별자치시 조치원읍,경상사고,0,0,1,0,차대차 - 추돌,중앙선침범,건조,맑음,교차로 - 교차로부근,승용,여,27세,상해없음,승용,여,45세,경상
2017081100100308,2017년 8월 11일 13시,금요일,세종특별자치시 세종특별자치시 아름동,중상사고,0,1,0,1,차대차 - 기타,안전운전불이행,건조,맑음,단일로 - 기타,승용,남,68세,상해없음,자전거,여,22세,중상
2017081100100439,2017년 8월 11일 16시,금요일,세종특별자치시 세종특별자치시 고운동,경상사고,0,0,4,0,차대차 - 측면충돌,신호위반,건조,맑음,교차로 - 교차로안,승합,남,55세,상해없음,승용,여,35세,경상
2017081100100485,2017년 8월 11일 17시,금요일,세종특별자치시 세종특별자치시 아름동,중상사고,0,1,0,0,차대차 - 기타,안전운전불이행,젖음/습기,비,단일로 - 기타,승용,남,58세,중상,승용,남,36세,상해없음
2017081100100527,2017년 8월 11일 18시,금요일,세종특별자치시 세종특별자치시 조치원읍,중상사고,0,1,0,0,차대차 - 측면충돌,안전운전불이행,건조,맑음,단일로 - 기타,승용,남,43세,상해없음,이륜,남,28세,중상
2017081100100619,2017년 8월 11일 20시,금요일,세종특별자치시 세종특별자치시 나성동,경상사고,0,0,1,0,차대차 - 측면충돌,신호위반,건조,맑음,단일로 - 기타,승용,여,34세,상해없음,이륜,남,37세,경상
2017081200100163,2017년 8월 12일 08시,토요일,세종특별자치시 세종특별자치시 금남면,중상사고,0,1,1,0,차대차 - 기타,안전운전불이행,젖음/습기,맑음,단일로 - 기타,자전거,남,39세,중상,이륜,남,82세,경상
2017081200100382,2017년 8월 12일 15시,토요일,세종특별자치시 세종특별자치시 연서면,중상사고,0,1,0,0,차량단독 - 공작물충돌,안전운전불이행,건조,맑음,단일로 - 기타,이륜,남,61세,중상,,,,
2017081200100383,2017년 8월 12일 15시,토요일,세종특별자치시 세종특별자치시 소정면,경상사고,0,0,1,1,차대차 - 측면충돌,안전운전불이행,건조,맑음,단일로 - 기타,승용,남,45세,부상신고,승용,여,52세,경상
2017081400100127,2017년 8월 14일 08시,월요일,세종특별자치시 세종특별자치시 어진동,경상사고,0,0,1,0,차대차 - 측면충돌,기타,젖음/습기,맑음,교차로 - 교차로안,승용,여,41세,상해없음,승용,여,39세,경상
2017081400100364,2017년 8월 14일 14시,월요일,세종특별자치시 세종특별자치시 어진동,중상사고,0,1,0,0,차대사람 - 횡단중,신호위반,건조,맑음,교차로 - 교차로횡단보도내,승용,여,33세,상해없음,보행자,여,15세,중상
2017081400100480,2017년 8월 14일 17시,월요일,세종특별자치시 세종특별자치시 아름동,중상사고,0,1,0,0,차대사람 - 횡단중,보행자보호의무위반,젖음/습기,비,교차로 - 교차로부근,승용,여,63세,상해없음,보행자,여,65세,중상
2017081500100253,2017년 8월 15일 14시,화요일,세종특별자치시 세종특별자치시 종촌동,경상사고,0,0,1,0,차대차 - 측면충돌,신호위반,젖음/습기,비,교차로 - 교차로안,승용,남,44세,상해없음,이륜,남,45세,경상
2017081500100309,2017년 8월 15일 16시,화요일,세종특별자치시 세종특별자치시 종촌동,경상사고,0,0,1,0,차대사람 - 기타,기타,건조,맑음,단일로 - 기타,승합,남,48세,상해없음,보행자,여,59세,경상
2017081700100281,2017년 8월 17일 13시,목요일,세종특별자치시 세종특별자치시 어진동,경상사고,0,0,2,0,차대차 - 측면충돌,안전운전불이행,건조,맑음,단일로 - 기타,승용,여,53세,상해없음,승용,남,72세,경상
2017081700100415,2017년 8월 17일 17시,목요일,세종특별자치시 세종특별자치시 조치원읍,경상사고,0,0,1,0,차대사람 - 횡단중,보행자보호의무위반,건조,맑음,교차로 - 교차로횡단보도내,승용,남,41세,상해없음,보행자,여,32세,경상
2017081800100121,2017년 8월 18일 08시,금요일,세종특별자치시 세종특별자치시 장군면,경상사고,0,0,3,0,차대차 - 추돌,안전운전불이행,건조,맑음,단일로 - 기타,승용,남,33세,상해없음,승용,여,32세,경상
2017081800100182,2017년 8월 18일 10시,금요일,세종특별자치시 세종특별자치시 어진동,경상사고,0,0,2,0,차대차 - 측면충돌,안전운전불이행,건조,맑음,교차로 - 교차로부근,승용,여,36세,상해없음,승용,남,45세,경상
2017081900100104,2017년 8월 19일 06시,토요일,세종특별자치시 세종특별자치시 조치원읍,중상사고,0,1,0,0,차대차 - 측면충돌,안전운전불이행,건조,맑음,기타 - 기타,화물,남,56세,상해없음,자전거,남,74세,중상
2017081900100382,2017년 8월 19일 17시,토요일,세종특별자치시 세종특별자치시 한솔동,경상사고,0,0,1,0,차대차 - 기타,교차로운행방법위반,젖음/습기,맑음,교차로 - 교차로안,승용,여,51세,상해없음,승용,남,62세,경상
2017081900100495,2017년 8월 19일 20시,토요일,세종특별자치시 세종특별자치시 장군면,중상사고,0,1,0,0,차대차 - 추돌,안전운전불이행,건조,맑음,교차로 - 교차로안,승용,남,67세,상해없음,승용,여,30세,중상
2017082000100134,2017년 8월 20일 05시,일요일,세종특별자치시 세종특별자치시 대평동,경상사고,0,0,1,0,차대차 - 추돌,안전운전불이행,건조,맑음,단일로 - 기타,승합,남,26세,상해없음,화물,남,61세,경상
2017082000100218,2017년 8월 20일 11시,일요일,세종특별자치시 세종특별자치시 고운동,중상사고,0,1,0,0,차대차 - 측면충돌,신호위반,건조,흐림,교차로 - 교차로안,원동기,남,50세,중상,승용,여,38세,상해없음
2017082100100646,2017년 8월 21일 23시,월요일,세종특별자치시 세종특별자치시 금남면,사망사고,1,0,1,0,차대차 - 추돌,안전운전불이행,젖음/습기,흐림,단일로 - 기타,화물,남,52세,상해없음,화물,남,56세,경상
2017082200100270,2017년 8월 22일 12시,화요일,세종특별자치시 세종특별자치시 금남면,중상사고,0,1,0,0,차대차 - 정면충돌,안전운전불이행,건조,맑음,단일로 - 기타,화물,남,81세,상해없음,이륜,남,46세,중상
2017082200100522,2017년 8월 22일 19시,화요일,세종특별자치시 세종특별자치시 조치원읍,중상사고,0,1,0,0,차대사람 - 횡단중,보행자보호의무위반,건조,맑음,교차로 - 교차로부근,승용,여,48세,상해없음,보행자,남,58세,중상
2017082300100151,2017년 8월 23일 08시,수요일,세종특별자치시 세종특별자치시 연기면,경상사고,0,0,1,0,차대차 - 추돌,안전운전불이행,건조,맑음,단일로 - 기타,승용,여,25세,상해없음,승용,여,38세,경상
2017082300100480,2017년 8월 23일 18시,수요일,세종특별자치시 세종특별자치시 고운동,경상사고,0,0,1,1,차대차 - 측면충돌,안전운전불이행,건조,맑음,교차로 - 교차로안,승합,여,59세,상해없음,승용,남,33세,경상
2017082400100049,2017년 8월 24일 02시,목요일,세종특별자치시 세종특별자치시 장군면,중상사고,0,2,0,0,차대차 - 추돌,안전운전불이행,건조,맑음,단일로 - 기타,승용,남,16세,상해없음,화물,남,34세,상해없음
2017082400100137,2017년 8월 24일 08시,목요일,세종특별자치시 세종특별자치시 조치원읍,중상사고,0,1,0,0,차대사람 - 기타,안전운전불이행,건조,맑음,교차로 - 교차로안,화물,남,45세,상해없음,보행자,여,82세,중상
2017082400100314,2017년 8월 24일 14시,목요일,세종특별자치시 세종특별자치시 도담동,경상사고,0,0,1,0,차대차 - 추돌,안전운전불이행,젖음/습기,비,교차로 - 교차로안,승합,여,51세,상해없음,승용,여,25세,경상
2017082400100418,2017년 8월 24일 17시,목요일,세종특별자치시 세종특별자치시 대평동,경상사고,0,0,1,0,차대차 - 추돌,신호위반,건조,맑음,교차로 - 교차로부근,승용,남,28세,상해없음,화물,남,30세,경상
2017082400100419,2017년 8월 24일 17시,목요일,세종특별자치시 세종특별자치시 고운동,경상사고,0,0,1,0,차대차 - 추돌,안전거리미확보,젖음/습기,비,단일로 - 기타,승용,여,56세,상해없음,승용,남,57세,경상
2017082400100458,2017년 8월 24일 18시,목요일,세종특별자치시 세종특별자치시 나성동,경상사고,0,0,1,0,차대사람 - 횡단중,안전운전불이행,젖음/습기,비,단일로 - 기타,승합,남,38세,상해없음,보행자,남,25세,경상
2017082500100135,2017년 8월 25일 08시,금요일,세종특별자치시 세종특별자치시 한솔동,경상사고,0,0,1,0,차대사람 - 횡단중,보행자보호의무위반,건조,맑음,교차로 - 교차로횡단보도내,승용,여,43세,상해없음,보행자,남,9세,경상
2017082600100378,2017년 8월 26일 14시,토요일,세종특별자치시 세종특별자치시 금남면,경상사고,0,0,1,0,차대차 - 기타,차로위반,건조,맑음,교차로 - 교차로부근,승용,여,28세,상해없음,승합,남,45세,경상
2017082700100387,2017년 8월 27일 19시,일요일,세종특별자치시 세종특별자치시 장군면,사망사고,1,0,0,1,차대사람 - 차도통행중,안전운전불이행,건조,맑음,단일로 - 기타,승용,남,25세,부상신고,보행자,남,56세,사망
2017082800100440,2017년 8월 28일 17시,월요일,세종특별자치시 세종특별자치시 장군면,경상사고,0,0,2,0,차대차 - 정면충돌,중앙선침범,건조,흐림,단일로 - 기타,승용,여,32세,기타불명,승합,여,59세,경상
2017082900100039,2017년 8월 29일 01시,화요일,세종특별자치시 세종특별자치시 연서면,경상사고,0,0,1,0,차대차 - 추돌,안전운전불이행,건조,맑음,교차로 - 교차로부근,승용,남,45세,상해없음,승용,남,37세,경상
2017082900100272,2017년 8월 29일 12시,화요일,세종특별자치시 세종특별자치시 반곡동,경상사고,0,0,1,0,차대차 - 추돌,안전운전불이행,건조,맑음,교차로 - 교차로안,승용,여,48세,상해없음,승용,여,45세,경상
2017082900100273,2017년 8월 29일 12시,화요일,세종특별자치시 세종특별자치시 조치원읍,중상사고,0,1,2,0,차대차 - 추돌,안전운전불이행,건조,맑음,단일로 - 기타,특수,남,39세,경상,승용,여,22세,중상
2017082900100495,2017년 8월 29일 18시,화요일,세종특별자치시 세종특별자치시 전의면,경상사고,0,0,1,0,차대차 - 측면충돌,안전운전불이행,건조,맑음,교차로 - 교차로안,화물,남,64세,상해없음,승용,남,65세,상해없음
2017082900100537,2017년 8월 29일 19시,화요일,세종특별자치시 세종특별자치시 연기면,사망사고,1,0,0,0,차대차 - 추돌,안전운전불이행,건조,맑음,단일로 - 기타,승용,여,29세,상해없음,자전거,남,53세,사망
2017082900100538,2017년 8월 29일 19시,화요일,세종특별자치시 세종특별자치시 조치원읍,경상사고,0,0,1,0,차대차 - 추돌,안전운전불이행,건조,맑음,단일로 - 기타,승용,남,53세,상해없음,승용,남,47세,경상
2017082900100647,2017년 8월 29일 23시,화요일,세종특별자치시 세종특별자치시 조치원읍,중상사고,0,1,0,0,차대차 - 측면충돌,안전운전불이행,건조,맑음,교차로 - 교차로부근,승합,남,36세,상해없음,이륜,남,49세,중상
2017083000100549,2017년 8월 30일 21시,수요일,세종특별자치시 세종특별자치시 어진동,중상사고,0,1,1,0,차대차 - 측면충돌,안전운전불이행,건조,맑음,교차로 - 교차로부근,승용,여,50세,상해없음,승용,남,46세,중상
2017083100100024,2017년 8월 31일 00시,목요일,세종특별자치시 세종특별자치시 연기면,중상사고,0,2,0,0,차대차 - 측면충돌,신호위반,건조,맑음,교차로 - 교차로안,승용,남,26세,기타불명,승용,여,53세,중상
2017083100100138,2017년 8월 31일 08시,목요일,세종특별자치시 세종특별자치시 연서면,경상사고,0,0,1,0,차대사람 - 보도통행중,기타,건조,맑음,기타 - 기타,승용,여,40세,상해없음,보행자,여,7세,경상
2017083100100139,2017년 8월 31일 08시,목요일,세종특별자치시 세종특별자치시 보람동,중상사고,0,1,5,0,차대차 - 추돌,안전운전불이행,건조,맑음,단일로 - 기타,화물,남,52세,기타불명,승용,남,46세,중상
2017090100100108,2017년 9월 1일 06시,금요일,세종특별자치시 세종특별자치시 연기면,중상사고,0,1,1,0,차대차 - 추돌,과속,건조,맑음,교차로 - 교차로부근,화물,남,61세,상해없음,승용,남,34세,중상
2017090100100183,2017년 9월 1일 08시,금요일,세종특별자치시 세종특별자치시 조치원읍,중상사고,0,1,1,0,차대차 - 정면충돌,중앙선침범,건조,맑음,교차로 - 교차로안,승합,남,25세,상해없음,승용,여,54세,중상
2017090100100265,2017년 9월 1일 10시,금요일,세종특별자치시 세종특별자치시 전동면,중상사고,0,1,0,2,차대차 - 정면충돌,중앙선침범,건조,맑음,단일로 - 기타,승용,남,52세,부상신고,승용,남,61세,중상